Bus Name (English),Station 1,Station 2,Station 3,Station 4,Station 5,Station 6,Station 7,Station 8,Station 9,Station 10,Station 11,Station 12,Station 13,Station 14,Station 15,Station 16,Station 17,Station 18,Station 19,Station 20,Station 21,Station 22,Station 23,Station 24,Station 25,Station 26,Station 27,Station 28,Station 29,Station 30,Station 31,Station 32,Station 33,Station 34,Station 35,Station 36,Station 37
Achim Paribahan Bus Route,Gabtoli,Technical,Ansar Camp,Mirpur 1,Sony Cinema Hall,Mirpur 2,Mirpur 10,Mirpur 11,Purobi,Kalshi,ECB Square,MES,Shewra,Kuril Bishwaroad,Jamuna Future Park,Bashundhara,Nadda,Notun Bazar,Bashtola,Shahjadpur,Uttar Badda,Badda Link Road),Madhya Badda,Merul Badda,Rampura Bridge,Banasree,Demra Staff Quarter,,,,,,,,,,
Active Paribahan Bus Route,Mohammadpur Shia Mosque,Adabor,Shyamoli,Technical,Ansar Camp,Mirpur 1,Sony Cinema Hall,Mirpur 2,Mirpur 10,Mirpur 11,Purobi,Kalshi,ECB Square,MES,Shewra,Kuril Bishwaroad,Khilkhet,Airport,Uttara,Rajlakshmi,Azampur,House Building,Abdullahpur,,,,,,,,,,,,,,
Agradut Bus Route,Savar,Hemayetpur,Amin Bazar,Gabtoli,Technical,Kallyanpur,Shyamoli,Shishu Mela,Agargaon,Zia Uddyan,Bijoy Sarani,Jahangir Gate,Mohakhali,Wireless,Gulshan 1,Badda Link Road,Bashtola,Shahjadpur,Uttar Badda,Notun Bazar,,,,,,,,,,,,,,,,,
Airport Bangabandhu Avenue Paribahan Bus Route,Fulbaria,Golap Shah Mazar,GPO,Paltan,Press Club,High Court,Matsya Bhaban,Shahbag,Bangla Motor,Kawran Bazar,Farmgate,Bijoy Sarani,Jahangir Gate,Mohakhali,Chairman Bari,Sainik Club,Banani,Kakoli,Staff Road,MES,Kurmitola,Shewra,Kuril Bishwaroad,Khilkhet,Airport,Uttara Jashimuddin,Rajlakshmi,House Building,Abdullahpur,,,,,,,,
Azmeri Glory Limited Bus Route,Sadarghat Victoria Park ,Ray Saheb Bazar,Naya Bazar,Golap Shah Mazar,GPO,Paltan,Kakrail,Shantinagar,Malibagh,Mouchak,Nabisco,Mohakhali,Sainik Club,Banani,Kakoli,Staff Road,MES,Shewra,Kuril Bishwaroad,Khilkhet,Airport,Uttara ,Rajlakshmi,Azampur,House Building,Abdullahpur,Tongi,Station Road,Mill Gate,Board Bazar,Gazipur Bypass,Konabari,Chandra,,,,
Ajmi Bus Route,Dhamrai,Savar,Hemayetpur,Amin Bazar,Gabtoli,Technical,Kallyanpur,Shyamoli,Shishu Mela,College Gate,Asad Gate,Dhanmondi 27,Dhanmondi 32,Kalabagan,City College,New Market,Nilkhet,Azimpur,Bakshi Bazar,Gulistan,Chittagong Road,,,,,,,,,,,,,,,,
Akash Bus Route,Kadamtali,Keraniganj,Babubazar,Naya Bazar,Golap Shah Mazar,GPO,Paltan,Kakrail,Shantinagar,Malibagh,Mouchak,Malibagh Railgate,Hazipara,Rampura Bazar,Merul Badda,Badda,Shahjadpur,Bashtola,Notun Bazar,Nadda,Bashundhara,Jamuna Future Park,Kuril Bishwaroad,Khilkhet,Airport,Uttara Jashimuddin,Rajlakshmi,Azampur,House Building,Abdullahpur,Tongi,,,,,,
Akik Bus Route,Ansar Camp,Mirpur 1,Sony Cinema Hall,Mirpur 2,Mirpur 10,Mirpur 11,Purobi,Kalshi,ECB Square,MES,Shewra,Kuril Bishwaroad,Jamuna Future Park,Bashundhara,Nadda,Notun Bazar,Bashtola,Shahjadpur,Uttar Badda,,,,,,,,,,,,,,,,,,
Al Makka Bus Route,Motijheel,Gulistan,GPO,Paltan,Kakrail,Shantinagar,Malibagh,Mouchak,Mogbazar,Nabisco,Mohakhali,Chairman Bari,Kakoli,Banani,ECB Square,Kalshi,Purobi,Mirpur 10,Mirpur 2,Mirpur 1,,,,,,,,,,,,,,,,,
Al Madina Plus One Bus Route,Nandan Park,Zirani Bazar,Baipail,Nobinagar,Savar,Hemayetpur,Amin Bazar,Gabtoli,Technical,Kallyanpur,Shyamoli,Shishu Mela,College Gate,Asad Gate,Khamar Bari,Farmgate,Kawran Bazar,Bangla Motor,Shahbag,High Court,Press Club,Paltan,GPO,Gulistan,Motijheel,Kamalapur,,,,,,,,,,,
Alif Bus Route,Mirpur 14,Mirpur 10,Mirpur 2,Sony Cinema Hall,Mirpur 1,Mazar Road,Konabari,Rupnagar,Beribadh,Birulia,Ashulia Bazar,Zirabo,Fantasy Kingdom,Nandan Park,,,,,,,,,,,,,,,,,,,,,,,
Alif Bus Route,Mohammadpur Shia Mosque,Japan Garden City,Adabor,Shyamoli,Shishu Mela,Agargaon,Zia Uddyan,Bijoy Sarani,Jahangir Gate,Mohakhali,Wireless,Gulshan 1,Badda Link Road,Madhya Badda,Merul Badda,Rampura Bridge,Banasree,,,,,,,,,,,,,,,,,,,,
Alif Bus Route,Mirpur 1,Mirpur 2,Mirpur 10,Kazipara,Shewrapara,Agargaon,Bijoy Sarani,Jahangir Gate,Mohakhali,Wireless,Gulshan 1,Badda Link Road,Madhya Badda,Merul Badda,Rampura Bridge,Banasree,,,,,,,,,,,,,,,,,,,,,
Alif Bus Route,Japan Garden City,Ring Road,Adabor,Shyamoli,Shishu Mela,Agargaon,Zia Uddyan,Bijoy Sarani,Abdullahpur,Jahangir Gate,Mohakhali,Chairman Bari,Sainik Club,Kakoli,Banani,Staff Road,MES,Shewra,Kuril Bishwaroad,Khilkhet,Airport,Uttara Jashimuddin,Rajlakshmi,Azampur,House Building,Abdullahpur,,,,,,,,,,,
Anabil Super Bus Route,Sign Board,Shanir Akhra,Jatrabari,Mugda,Bashabo,Khilgaon,Malibagh Railgate,Hazipara,Rampura Bazar,Rampura Bridge,Merul Badda,Uttar Badda,Shahjadpur,Nadda,Bashtola,Notun Bazar,Nadda,Khilkhet,Bashundhara,Jamuna Future Park,Kuril Bishwaroad,Khilkhet,Uttara ,Airport,Uttara Jashimuddin,Rajlakshmi,Azampur,House Building,Abdullahpur,Tongi,Station Road,Mill Gate,Board Bazar,Gazipur Bypass,Gazipur Chowrasta,,
Arnob Bus Route,Hemayetpur,Amin Bazar,Gabtoli,Technical,Kallyanpur,Shyamoli,Shishu Mela,Agargaon,Zia Uddyan,Bijoy Sarani,Jahangir Gate,Mohakhali,Wireless,Abdullahpur,Badda Link Road,Madhya Badda,Merul Badda,Rampura Bridge,Banasree,Demra Staff Quarter,,,,,,,,,,,,,,,,,
Ashirbad Pahibahan Bus Route,Duairipara,Rupnagar Abashik,Shiyal Bari,Proshika Moor,Mirpur 2,Mirpur 1,Ansar Camp,Technical,Kallyanpur,Shyamoli,Shishu Mela,College Gate,Asad Gate,Dhanmondi 27,Shukrabad,Dhanmondi 32,Kalabagan,City College,New Market,Nilkhet,Azimpur,,,,,,,,,,,,,,,,
Ashulia Classic Bus Route,Nobinagar,Baipail,Jamgora,Fantasy Kingdom,Zirabo,Ashulia Bazar,Kamarpara,Abdullahpur,House Building,Azampur,Rajlakshmi,Uttara ,Airport,Khilkhet,Kuril Bishwaroad,Shewra,MES,Kakoli,Banani,Chairman Bari,Mohakhali,Nabisco,Satrasta,,,,,,,,,,,,,,
Asmani Bus Route,Dhour,Abdullahpur,House Building,Azampur,Rajlakshmi,Uttara ,Airport,Khilkhet,Kuril Bishwaroad,Jamuna Future Park,Bashundhara,Nadda,Notun Bazar,Bashtola,Shahjadpur,Uttar Badda,Badda,Madhya Badda,Merul Badda,Rampura Bridge,Banasree,Demra Staff Quarter,Tarabo,Madanpur,,,,,,,,,,,,,
ATCL Bus Route,Mohammadpur,Asad Gate,Shukrabad,Kalabagan,City College,Science Lab,Katabon,Bata Signal,Shahbag,Matsya Bhaban,High Court,Press Club,Paltan,GPO,Gulistan,Arambagh,,,,,,,,,,,,,,,,,,,,,
Ayat Bus Route,Chiriyakhana,Sony Cinema Hall,Mirpur 2,Mirpur 10,Kazipara,Shewrapara,Taltola,Agargaon,Khamar Bari,Farmgate,Kawran Bazar,Bangla Motor,Mogbazar,Mouchak,Malibaag Moor,Rajarbag,Kamalapur,,,,,,,,,,,,,,,,,,,,
Bahon Bus Route,Mirpur 14,Mirpur 10,Mirpur 2,Mirpur 1,Ansar Camp,Bangla College,Technical,Darussalam,Kallyanpur,Shyamoli,Asad Gate,Dhanmondi 27,Dhanmondi 32,Kalabagan,Science Lab,Katabon,Shahbag,High Court,Press Club,Paltan,Dainik Bangla Moor,Motijheel,Arambagh,Kamalapur,Mugda,Bashabo,Khilgaon,,,,,,,,,,
Baishakhi Bus Route,Savar,Hemayetpur,Amin Bazar,Gabtoli,Technical,Kallyanpur,Shyamoli,Shishu Mela,Agargaon,Bijoy Sarani,Jahangir Gate,Mohakhali,Gulshan 1,Badda Link Road,Bashtola,Uttar Badda,Notun Bazar,,,,,,,,,,,,,,,,,,,,
Balaka Bus Route,Sayedabad,Maniknagar,TT Para,Kamalapur,Malibaag Moor,Mouchak,Mogbazar,Satrasta,Nabisco,Mohakhali,Chairman Bari,Banani,Kakoli,Staff Road,MES,Shewra,Kuril Bishwaroad,Khilkhet,Airport,Uttara ,Rajlakshmi,Azampur,House Building,Abdullahpur,Tongi,Station Road,Mill Gate,Board Bazar,Gazipur Bypass,Gazipur Chowrasta,,,,,,,
Basumati Bus Route,Gabtoli,Technical,Kallyanpur,Shyamoli,Shishu Mela,College Gate,Asad Gate,Manik Mia Avenue,Khamar Bari,Farmgate,Kawran Bazar,Bangla Motor,Shahbag,Matsya Bhaban,High Court,Press Club,Paltan,GPO,Golap Shah Mazar,Naya Bazar,Babubazar,Keraniganj,Maowa,,,,,,,,,,,,,,
Basumati Transport Bus Route,Gabtoli,Mirpur 1,Sony Cinema Hall,Mirpur 2,Mirpur 10,Mirpur 11,Purobi,Kalshi,ECB Square,MES,Shewra,Kuril Bishwaroad,Khilkhet,Airport,Uttara ,Rajlakshmi,Azampur,House Building,Abdullahpur,Tongi,Station Road,Mill Gate,Board Bazar,Gazipur Chowrasta,,,,,,,,,,,,,
Best Satabdi AC Bus Route,Azimpur,Nilkhet,New Market,City College,Kalabagan,Dhanmondi 32,Dhanmondi 27,Khamar Bari,Farmgate,Jahangir Gate,Mohakhali,Chairman Bari,Sainik Club,Banani,Kakoli,Staff Road,MES,Shewra,Kuril Bishwaroad,Khilkhet,Airport,Uttara ,Rajlakshmi,Azampur,House Building,Diabari,,,,,,,,,,,
Best Transport Bus Route,Mirpur 10,Kazipara,Shewrapara,Taltola,Agargaon,Khamar Bari,Farmgate,Kawran Bazar,Bangla Motor,Shahbag,Matsya Bhaban,High Court,Press Club,Paltan,GPO,Gulistan,Motijheel,Sayedabad,Jatrabari,,,,,,,,,,,,,,,,,,
Bhuiyan Paribahan Bus Route,Japan Garden City,Ring Road,Adabor,Shyamoli,Shishu Mela,Agargaon,Zia Uddyan,Bijoy Sarani,Old Airport,Jahangir Gate,Mohakhali,Chairman Bari,Sainik Club,Kakoli,Banani,Staff Road,MES,Shewra,Kuril Bishwaroad,Khilkhet,Airport,Uttara ,Rajlakshmi,Azampur,House Building,Abdullahpur,,,,,,,,,,,
Bihanga Bus Route,Mirpur 12,Mirpur 11,Mirpur 10,Mirpur 10,Kazipara,Shewrapara,Agargaon,Bijoy Sarani,Jahangir Gate,Mohakhali,Wireless,Gulshan Bridge,Gulshan 1,Badda,Notun Bazar,,,,,,,,,,,,,,,,,,,,,,
Bikalpa Bus Auto Service,Mirpur 12,Pallabi,Purobi,Mirpur 11,Mirpur 1,Kazipara,Shewrapara,Taltola,Agargaon,Bijoy Sarani,Farmgate,Kawran Bazar,Bangla Motor,Shahbag,Matsya Bhaban,High Court,Press Club,Paltan,GPO,Gulistan,Motijheel,,,,,,,,,,,,,,,,
Bikalpa Bus City Super Service,Mirpur 12,Pallabi,Purobi,Mirpur 11,Mirpur 10,Kazipara,Shewrapara,Taltola,Agargaon,Shyamoli,Shishu Mela,College Gate,Asad Gate,Dhanmondi 27,Dhanmondi 32,Kalabagan,City College,New Market,Nilkhet,Azimpur,Dhakeshwari,,,,,,,,,,,,,,,,
Bikash Bus Route,Azimpur,Nilkhet,New Market,City College,Kalabagan,Dhanmondi 27,Dhanmondi 32,Khamar Bari,Farmgate,Jahangir Gate,Mohakhali,Sainik Club,Banani,Kakoli,Kuril Bishwaroad,Khilkhet,Airport,Abdullahpur,Kamarpara,,,,,,,,,,,,,,,,,,
Bikash Paribahan Bus Route,Sign Board,Matuail,Rayerbag,Shanir Akhra,Jatrabari,Sayedabad,Gulistan,Chankhar Pul,Bakshi Bazar,Azimpur,Nilkhet,New Market,City College,Kalabagan,Dhanmondi 27,Dhanmondi 32,Khamar Bari,Farmgate,Jahangir Gate,Mohakhali,Chairman Bari,Sainik Club,Banani,Kakoli,Staff Road,MES,Shewra,Kuril Bishwaroad,Khilkhet,Airport,Uttara ,Rajlakshmi,Azampur,House Building,Abdullahpur,Kamarpara,Dhour
Bondhu Paribahan Bus Route,Gulistan,GPO,Paltan,Kakrail,Shantinagar,Malibaag Moor,Mouchak,Malibagh Railgate,Hazipara,Rampura Bazar,Rampura Bridge,Merul Badda,Shahjadpur,Bashtola,Notun Bazar,,,,,,,,,,,,,,,,,,,,,,
Borak Bus Route,Palashi,Chittagong Road,Sonargaon,Chasara,Meghna Ghat,,,,,,,,,,,,,,,,,,,,,,,,,,,,,,,,
Bashumoti Bus Route,Gazipur Chowrasta,Tongi,Airport,Khilkhet,Kalshi,Pallabi,Mirpur 11,Mirpur 10,Mirpur 1,Gabtoli,,,,,,,,,,,,,,,,,,,,,,,,,,,
Brihottor Mirpur Bus Route,Chiriyakhana,Mirpur 1,Gabtoli,Amin Bazar,Savar,Nobinagar,Chandra,,,,,,,,,,,,,,,,,,,,,,,,,,,,,,
BRTC Bus Route,Madanpur,Kanchpur,Chittagong Road,Sign Board,Matuail,Rayerbag,Shanir Akhra,Jatrabari,Sayedabad,Gulistan,GPO,Paltan,Press Club,High Court,Matsya Bhaban,Shahbag,Bangla Motor,Kawran Bazar,Farmgate,Khamar Bari,Asad Gate,College Gate,Shishu Mela,Shyamoli,Kallyanpur,Technical,Gabtoli,Amin Bazar,Hemayetpur,Savar,,,,,,,
BRTC Elevated Expressway Bus Route,Rajlakshmi,Airport,Kawlar,Elevated Express Way,Tejgaon College,Khejur Bagan,Songsod Bhaban,Bijoy Sarani,Elevated Express Way,Kawlar,Airport,Rajlakshmi,,,,,,,,,,,,,,,,,,,,,,,,,
BRTC Bus Route,Motijheel,Gulistan,GPO,Paltan,Press Club,High Court,Matsya Bhaban,Shahbag,Bangla Motor,Kawran Bazar,Farmgate,Jahangir Gate,Mohakhali,Chairman Bari,Kakoli,Banani,Staff Road,MES,Shewra,Kuril Bishwaroad,Khilkhet,Airport,Uttara ,Rajlakshmi,Azampur,House Building,Abdullahpur,Tongi,,,,,,,,,
BRTC Bus Route,Mohammadpur,Asad Gate,Khamar Bari,Farmgate,Jahangir Gate,Mohakhali,Wireless,Gulshan 1,Badda Link Road,Uttar Badda,Shahjadpur,Bashtola,Notun Bazar,Nadda,Bashundhara,Jamuna Future Park,Kuril Bishwaroad,,,,,,,,,,,,,,,,,,,,
BRTC Bus Route,Kamalapur,Motijheel,Gulistan,GPO,Paltan,Press Club,High Court,Matsya Bhaban,Shahbag,Bangla Motor,Kawran Bazar,Farmgate,Jahangir Gate,Mohakhali,Wireless,Gulshan 1,Badda Link Road,Uttar Badda,Shahjadpur,Bashtola,Notun Bazar,Nadda,Bashundhara,Jamuna Future Park,Kuril Bishwaroad,,,,,,,,,,,,
BRTC Bus Route,Bhulta,Kanchan Bridge,Nila Market,300 Feet,Bashundhara 300 Feet Gate,Kuril Bishwaroad,,,,,,,,,,,,,,,,,,,,,,,,,,,,,,,
BRTC Bus Route,Motijheel,Gulistan,GPO,Paltan,Kakrail,Shantinagar,Malibaag Moor,Mouchak,Malibagh Railgate,Hazipara,Rampura Bazar,Rampura Bridge,Merul Badda,Shahjadpur,Bashtola,Notun Bazar,Nadda,Bashundhara,Jamuna Future Park,Kuril Bishwaroad,Khilkhet,Airport,Uttara ,Rajlakshmi,Azampur,House Building,Abdullahpur,,,,,,,,,,
BRTC Bus Route,Mohammadpur,Star Kabab,Dhanmondi,Jigatola,City College,Science Lab,Shahbag,Matsya Bhaban,High Court,Press Club,Paltan,GPO,Gulistan,Motijheel,,,,,,,,,,,,,,,,,,,,,,,
BRTC Bus Route,Gabtoli,Mirpur 1,Sony Cinema Hall,Mirpur 2,Mirpur 10,Mirpur 11,Purobi,Kalshi,ECB Square,MES,Shewra,Kuril Bishwaroad,Khilkhet,Airport,Uttara ,Rajlakshmi,Azampur,House Building,Abdullahpur,Tongi,Mill Gate,Board Bazar,Gazipur Bypass,Gazipur Chowrasta,,,,,,,,,,,,,
BRTC Articulated Bus Route,Balughat,Cantonment,Bijoy Sarani,Farmgate,Bangla Motor,Shahbag,Paltan,Gulistan,Motijheel,,,,,,,,,,,,,,,,,,,,,,,,,,,,
Cantonment Bus Route,Mirpur 14,Mirpur 10,Mirpur 2,Sony Cinema Hall,Mirpur 1,Ansar Camp,Technical,Gabtoli,Amin Bazar,Hemayetpur,Savar,,,,,,,,,,,,,,,,,,,,,,,,,,
Cantonment Mini Service Bus Route,Mirpur 14,Sainik Club,Kakoli,Banani,Mohakhali,,,,,,,,,,,,,,,,,,,,,,,,,,,,,,,,
Champion Bus Route,Bhashantek,Mirpur 14,Mirpur 10,Mirpur 2,Sony Cinema Hall,Mirpur 1,Ansar Camp,Technical,Gabtoli,,,,,,,,,,,,,,,,,,,,,,,,,,,,
City Link Bus Route,Chittagong Road,Sign Board,Matuail,Rayerbag,Shanir Akhra,Jatrabari,Sayedabad,Gulistan,GPO,Paltan,Press Club,High Court,Matsya Bhaban,Shahbag,Bata Signal,Science Lab,City College,Jigatola,Dhanmondi 15,Star Kabab,Mohammadpur,Bosila,Ghatar Char,,,,,,,,,,,,,,
D Link Bus Route,Fulbaria,Chankhar Pul,Bakshi Bazar,Azimpur,Nilkhet,New Market,City College,Kalabagan,Dhanmondi 32,Dhanmondi 27,Asad Gate,College Gate,Shishu Mela,Shyamoli,Kallyanpur,Darussalam,Technical,Gabtoli,Amin Bazar,Hemayetpur,Savar,Dhamrai,,,,,,,,,,,,,,,
D One Transport Bus Route,Motijheel,Dainik Bangla Moor,Paltan,Press Club,Matsya Bhaban,High Court,Shahbag,Bangla Motor,Kawran Bazar,Farmgate,Asad Gate,College Gate,Shishu Mela,Shyamoli,Kallyanpur,Technical,Gabtoli,Amin Bazar,Nobinagar,Dhamrai,,,,,,,,,,,,,,,,,
Desh Bangla Bus Route,Postogola,Dholairpar,Jatrabari,Sayedabad,Mugda,Malibagh,Rampura Bazar,Rampura Bridge,Merul Badda,Uttar Badda,Bashtola,Notun Bazar,Nadda,Bashundhara,Jamuna Future Park,Kuril Chourasta,Kuril Bishwaroad,Khilkhet,Airport,Uttara ,Rajlakshmi,Abdullahpur,Kamarpara,,,,,,,,,,,,,,
Dewan Bus Route,Azimpur,Eden College,Nilkhet,New Market,Science Lab,City College,Science Lab,Katabon,Shahbag,Bangla Motor,Kawran Bazar,Farmgate,Jahangir Gate,Mohakhali,Wireless,Gulshan 1,Badda,Badda Link Road,Uttar Badda,Shahjadpur,Bashtola,Notun Bazar,Nadda,Bashundhara,Jamuna Future Park,Kuril Bishwaroad,,,,,,,,,,,
Dhakar Chaka Bus Route,Police Plaza,Gulshan 1,Gulshan 2,,,,,,,,,,,,,,,,,,,,,,,,,,,,,,,,,,
Dhakar Chaka Bus Route,Banani,Gulshan 2,Notun Bazar,,,,,,,,,,,,,,,,,,,,,,,,,,,,,,,,,,
Dhaka Metro Service Bus Route,Mirpur 1,Kallyanpur,Shyamoli,Asad Gate,Shukrabad,Kalabagan,Science Lab,New Market,Nilkhet,Azimpur,,,,,,,,,,,,,,,,,,,,,,,,,,,
Dhaka Paribahan Bus Route,Gulistan,Shahbag,Farmgate,Banani,Uttara,Shib Bari,,,,,,,,,,,,,,,,,,,,,,,,,,,,,,,
Dipon Bus Route,Tajmahal Road,Salimullah Road,Jakir Hossain Road,Star Kabab,Dhanmondi 15,Jigatola,City College,Science Lab,Shahbag,Matsya Bhaban,High Court,Press Club,Paltan,Baitul Mukarram,Gulistan,Motijheel,Arambagh,,,,,,,,,,,,,,,,,,,,
Dip Paribahan Bus Route,Azimpur,City College,Kalabagan,Panthopoth,Kawran Bazar,Nabisco,Gulshan 1,Kuril Bishwaroad,,,,,,,,,,,,,,,,,,,,,,,,,,,,,
Dishari Bus Route,Chiriyakhana,Mirpur 1,Ansar Camp,Technical,Kallyanpur,Shyamoli,Shishu Mela,College Gate,Asad Gate,Khamar Bari,Farmgate,Kawran Bazar,Bangla Motor,Shahbag,Matsya Bhaban,High Court,Press Club,Paltan,GPO,Golap Shah Mazar,Naya Bazar,Babubazar,Keraniganj,,,,,,,,,,,,,,
Elite Bus Route,Agargaon,Taltola,Shewrapara,Kazipara,Mirpur 10,Mirpur 11,Purobi,Pallabi,Kalshi,Kuril Bishwaroad,Airport,Uttara ,Rajlakshmi,House Building,Abdullahpur,,,,,,,,,,,,,,,,,,,,,,
ETC Bus Route,Golap Shah Mazar,Shahbag,Bangla Motor,Farmgate,Agargaon,Shewrapara,Kazipara,Mirpur 10,Pallabi,Mirpur 12,,,,,,,,,,,,,,,,,,,,,,,,,,,
ETC Transport Bus Route,Golap Shah Mazar,GPO,Paltan,Press Club,High Court,Matsya Bhaban,Shahbag,Bangla Motor,Kawran Bazar,Farmgate,Khamar Bari,Agargaon,Taltola,Shewrapara,Kazipara,Mirpur 10,Mirpur 11,Purobi,Pallabi,Mirpur 12,,,,,,,,,,,,,,,,,
Everest Paribahan Bus Route,Rupnagar Abashik,Mirpur 2,Mirpur 1,Khamar Bari,Farmgate,Gulistan,Keraniganj,,,,,,,,,,,,,,,,,,,,,,,,,,,,,,
Falgun Art Transport Private Limited Bus Route,Azimpur,Nilkhet,New Market,Science Lab,Bata Signal,Katabon,Shahbag,Matsya Bhaban,Kakrail,Shantinagar,Malibaag Moor,Mouchak,Malibagh Railgate,Rampura Bazar,Rampura Bridge,Merul Badda,Madhya Badda,Badda,Shahjadpur,Notun Bazar,Nadda,Bashundhara,Jamuna Future Park,Kuril Bishwaroad,Khilkhet,Airport,Rajlakshmi,House Building,,,,,,,,,
First Ten Bus Route,Bhashantek,Mirpur 14,Mirpur 10,Mirpur 2,Sony Cinema Hall,Mirpur 1,Ansar Camp,Technical,Gabtoli,,,,,,,,,,,,,,,,,,,,,,,,,,,,
FTCL Bus Route,Mohammadpur,Shankar,Star Kabab,Jigatola,City College,Science Lab,Bata Signal,Shahbag,Matsya Bhaban,High Court,Press Club,Paltan,GPO,Gulistan,Sayedabad,Janapoth Moor,Jatrabari,Shanir Akhra,Rayerbag,Matuail,Sign Board,Chittagong Road,,,,,,,,,,,,,,,
FTCL Bus Route,Mohammadpur,Shankar,Dhanmondi 15,Jigatola,City College,Science Lab,Shahbag,Matsya Bhaban,Paltan,Gulistan,Motijheel,Arambagh,,,,,,,,,,,,,,,,,,,,,,,,,
Gazipur Paribahan Bus Route,Motijheel,Paltan,Kakrail,Shantinagar,Malibaag Moor,Mouchak,Mogbazar,Nabisco,Mohakhali,Chairman Bari,Sainik Club,Kakoli,Banani,Staff Road,MES,Shewra,Kuril Bishwaroad,Khilkhet,Airport,Uttara ,Rajlakshmi,Azampur,House Building,Abdullahpur,Tongi,Station Road,Mill Gate,Board Bazar,Gazipur Chowrasta,Shib Bari,,,,,,,
Grameen Bus Route,Mirpur 14,Mirpur 10,Mirpur 2,Sony Cinema Hall,Mirpur 1,Ansar Camp,Technical,Gabtoli,,,,,,,,,,,,,,,,,,,,,,,,,,,,,
Grameen Suveccha Bus Route,Fulbaria,Chankhar Pul,Bakshi Bazar,Azimpur,Nilkhet,New Market,City College,Kalabagan,Dhanmondi 32,Dhanmondi 27,Asad Gate,College Gate,Shishu Mela,Shyamoli,Kallyanpur,Darussalam,Technical,Gabtoli,Amin Bazar,Hemayetpur,Savar,Baipail,Zirani Bazar,Nandan Park,Chandra,,,,,,,,,,,,
Green Anabil Bus Route,Chasara,Shibu Market,Jalkuri,Sign Board,Matuail,Rayerbag,Shanir Akhra,Jatrabari,Sayedabad,Mugda,Bashabo,Malibagh Railgate,Hazipara,Rampura Bazar,Rampura Bridge,Merul Badda,Uttar Badda,Shahjadpur,Bashtola,Notun Bazar,Nadda,Bashundhara,Jamuna Future Park,Kuril Bishwaroad,Khilkhet,Airport,Uttara Jashimuddin ,Rajlakshmi,Azampur,House Building,Abdullahpur,Tongi,Station Road,Mill Gate,Board Bazar,Gazipur Bypass,Gazipur Chowrasta
Green Dhaka Bus Route,Motijheel,Gulistan,GPO,Paltan,Kakrail,Shantinagar,Malibaag Moor,Mouchak,Malibagh Railgate,Hazipara,Rampura Bazar,Rampura Bridge,Merul Badda,Uttar Badda,Shahjadpur,Bashtola,Notun Bazar,Nadda,Bashundhara,Jamuna Future Park,Kuril Bishwaroad,Khilkhet,Airport,Uttara ,Rajlakshmi,Azampur,House Building,Abdullahpur,,,,,,,,,
Gulshan Chaka Bus Route,Banani,Gulshan 2,Notun Bazar,,,,,,,,,,,,,,,,,,,,,,,,,,,,,,,,,,
Hazi Transport Bus Route,Mirpur 12,Pallabi,Purobi,Mirpur 10,Kazipara,Shewrapara,Agargaon,Bijoy Sarani,Farmgate,Kawran Bazar,Bangla Motor,Shahbag,Matsya Bhaban,High Court,Press Club,Paltan,GPO,Gulistan,Motijheel,,,,,,,,,,,,,,,,,,
Himachal Bus Route,Sony Cinema Hall,Mirpur 10,Kazipara,Shewrapara,Mohakhali,Gulshan 1,Badda,Rampura Bridge,Rampura Bazar,Khilgaon Khidmah Hospital,,,,,,,,,,,,,,,,,,,,,,,,,,,
Himachal Suveccha Bus Route,Metro Hall,Chasara,Shibu Market,Jalkuri,Sign Board,Matuail,Rayerbag,Shanir Akhra,Jatrabari,Janapoth Moor,Gulistan,GPO,Paltan,Press Club,High Court,Matsya Bhaban,Shahbag,Bangla Motor,Kawran Bazar,Farmgate,Bijoy Sarani,Agargaon,Taltola,Shewrapara,Kazipara,Mirpur 10,Mirpur 11,Purobi,Pallabi,Mirpur 12,,,,,,,
Himalay Bus Route,Madanpur,Jatrabari,Bangladesh Bank,Mogbazar,Mohakhali,Tongi,,,,,,,,,,,,,,,,,,,,,,,,,,,,,,,
Itihash Bus Route,Mirpur 14,Mirpur 10,Mirpur 2,Sony Cinema Hall,Ansar Camp,Technical,Gabtoli,Amin Bazar,Hemayetpur,Savar,Nobinagar,Baipail,Zirani Bazar,Nandan Park,Chandra,,,,,,,,,,,,,,,,,,,,,,
J M Super Paribahan Bus Route,Jatrabari,Sayedabad,Mugda,Bashabo,Khilgaon,Malibagh Railgate,Hazipara,Rampura Bazar,Rampura Bridge,Merul Badda,Uttar Badda,Shahjadpur,Bashtola,Notun Bazar,Nadda,Bashundhara,Jamuna Future Park,Kuril Bishwaroad,Khilkhet,Airport,Uttara ,Rajlakshmi,Azampur,House Building,Abdullahpur,Tongi,,,,,,,,,,,
Jabale Noor Paribahan Bus Route,Agargaon,Taltola,Shewrapara,Kazipara,Mirpur 10,Mirpur 11,Purobi,Pallabi,Kalshi,Kuril Bishwaroad,Airport,Uttara ,Rajlakshmi,House Building,Abdullahpur,,,,,,,,,,,,,,,,,,,,,,
Jabale Noor Paribahan Bus Route,Gabtoli,Mirpur 1,Mirpur 10,Kalshi,Kuril,Notun Bazar,,,,,,,,,,,,,,,,,,,,,,,,,,,,,,,
Janjabil Bus Route,Gabtoli,Beribadh Tin Rastar Moor,Rayer Bazar,Sikder Medical College,Hazaribag,Kamrangirchar,Showari Ghat,Babubazar,,,,,,,,,,,,,,,,,,,,,,,,,,,,,
Kamal Plus Paribahan Bus Route,Chittagong Road,Sign Board,Matuail,Rayerbag,Shanir Akhra,Jatrabari,Sayedabad,Gulistan,Chankhar Pul,Bakshi Bazar,Azimpur,Nilkhet,New Market,Science Lab,City College,Jigatola,Dhanmondi 15,Star Kabab,Shankar,Mohammadpur,Ghatar Char,,,,,,,,,,,,,,,,
kanak Bus Route,Mirpur 1,Sony Cinema Hall,Mirpur 2,Mirpur 10,Mirpur 11,Purobi,Kalshi,ECB Square,MES,Shewra,Kuril Bishwaroad,Khilkhet,Airport,Uttara ,Rajlakshmi,Azampur,House Building,Abdullahpur,,,,,,,,,,,,,,,,,,,
Khajababa Bus Route,Jatrabari,Sayedabad,Gulistan,GPO,Paltan,Press Club,High Court,Matsya Bhaban,Shahbag,Bangla Motor,Kawran Bazar,Farmgate,Khamar Bari,Agargaon,Taltola,Shewrapara,Kazipara,Mirpur 10,Mirpur 11,Purobi,Pallabi,Mirpur 12,,,,,,,,,,,,,,,
Kironmala Paribahan Bus Route,Chiriyakhana,Mirpur 1,Sony Cinema Hall,Rupnagar,Birulia,Ashulia Bazar,Zirabo,Narshingpur,Surabari,Jarun,Konabari,,,,,,,,,,,,,,,,,,,,,,,,,,
Labbayek Bus Route,Savar,Hemayetpur,Amin Bazar,Gabtoli,Technical,Kallyanpur,Shyamoli,Shishu Mela,College Gate,Asad Gate,Khamar Bari,Farmgate,Kawran Bazar,Bangla Motor,Mogbazar,Mouchak,Malibaag Moor,Rajarbag,Khilgaon flyover,Bashabo,Mugda,Maniknagar,Golapbagh,Sayedabad,Janapoth Moor,Jatrabari,Kajla,Shanir Akhra,Rayerbag,Matuail,Sign Board,,,,,,
Lal Sabuj AC Bus Route,Nandan Park,Zirani Bazar,Baipail,Nobinagar,Savar,Hemayetpur,Amin Bazar,Gabtoli,Technical,Kallyanpur,Shyamoli,Shishu Mela,College Gate,Asad Gate,Khamar Bari,Farmgate,Kawran Bazar,Bangla Motor,Shahbag,High Court,Press Club,Paltan,GPO,Gulistan,Motijheel,,,,,,,,,,,,
Lams Paribahan Bus Route,Mirpur 12,Pallabi,Purobi,Mirpur 11,Mirpur 1,Kazipara,Shewrapara,Taltola,Agargaon,Bijoy Sarani,Farmgate,Kawran Bazar,Bangla Motor,Shahbag,Matsya Bhaban,High Court,Press Club,Paltan,Dainik Bangla Moor,Motijheel,,,,,,,,,,,,,,,,,
Malancha Bus Route,Mohammadpur,Shankar,Star Kabab,Dhanmondi 15,Jigatola,City College,Science Lab,Bata Signal,Shahbag,Matsya Bhaban,High Court,Press Club,Paltan,GPO,Gulistan,Dayagonj,Dhupkhola,,,,,,,,,,,,,,,,,,,,
Manjil Express Bus Route,Chittagong Road,Sign Board,Matuail,Rayerbag,Shanir Akhra,Jatrabari,Sayedabad,Gulistan,GPO,Paltan,Kakrail,Malibaag Moor,Mouchak,Mogbazar,,,,,,,,,,,,,,,,,,,,,,,
Meghla Transport Bus Route,Kalabagan,Science Lab,Katabon,Bata Signal,Shahbag,Matsya Bhaban,High Court,Press Club,Paltan,Jatrabari,Gulistan,Sayedabad,Jatrabari,Shanir Akhra,Sign Board,Kanchpur,Bhulta,,,,,,,,,,,,,,,,,,,,
Meshkat Bus Route,Mohammadpur,Asad Gate,Khamar Bari,Farmgate,Bangla Motor,Shahbag,Matsya Bhaban,Paltan,Dainik Bangla Moor,Motijheel,Ittefaq Moor,Sayedabad,Jatrabari,Shanir Akhra,Rayerbag,Matuail,Sign Board,Chittagong Road,,,,,,,,,,,,,,,,,,,
Midline Bus Route,Mohammadpur,Shankar,Star Kabab,Dhanmondi 15,Jigatola,City College,Science Lab,Bata Signal,Shahbag,Matsya Bhaban,High Court,Press Club,Paltan,Gulistan,Motijheel,Arambagh,Kamalapur,Bashabo,Khilgaon,,,,,,,,,,,,,,,,,,
Mirpur Metro Services Bus Route,Azimpur,Nilkhet,New Market,Science Lab,City College,Kalabagan,Dhanmondi 32,Dhanmondi 27,Asad Gate,College Gate,Shishu Mela,Shyamoli,Kallyanpur,Darussalam,Technical,Bangla College,Tolarbag,Ansar Camp,Mirpur 1,,,,,,,,,,,,,,,,,,
Mirpur Link Bus Route,ECB Square,Purobi,Mirpur 11,Mirpur 10,Kazipara,Shewrapara,Agargaon,Khamar Bari,Dhanmondi 27,Dhanmondi 32,City College,Nilkhet,New Market,Azimpur,,,,,,,,,,,,,,,,,,,,,,,
Mirpur Mission Bus Route,Chittagong Road,Mirpur 1,Khamar Bari,Farmgate,Press Club,Motijheel,,,,,,,,,,,,,,,,,,,,,,,,,,,,,,,
Mirpur Transport Service Bus Route,Gulistan,Golap Shah Mazar,GPO,Paltan,Press Club,High Court,Matsya Bhaban,Shahbag,Bangla Motor,Kawran Bazar,Farmgate,Khamar Bari,Agargaon,Taltola,Shewrapara,Kazipara,Mirpur 10,Mirpur 11,Purobi,Pallabi,Mirpur 12,,,,,,,,,,,,,,,,
Mirpur United Service Bus Route,Sadarghat Victoria Park ,Ray Saheb Bazar,Naya Bazar,Golap Shah Mazar,GPO,Paltan,Press Club,High Court,Matsya Bhaban,Shahbag,Bangla Motor,Kawran Bazar,Farmgate,Khamar Bari,Agargaon,Taltola,Shewrapara,Kazipara,Mirpur 10,Mirpur 11,Purobi,Pallabi,Mirpur 12,,,,,,,,,,,,,,
MM Lovely Bus Route,Savar,Hemayetpur,Amin Bazar,Gabtoli,Technical,Kallyanpur,Shyamoli,Shishu Mela,College Gate,Asad Gate,Khamar Bari,Farmgate,Kawran Bazar,Bangla Motor,Mogbazar,Mouchak,Malibaag Moor,Mugda,Rajarbag,Khilgaon flyover,Bashabo,Mugda,Maniknagar,Golapbagh,Sayedabad,Janapoth Moor,Jatrabari,Kajla,Shanir Akhra,Rayerbag,Matuail,Sign Board,,,,,
Modhumita Bus Route,Chiriyakhana,Sony Cinema Hall,Mirpur 2,Mirpur 1,Ansar Camp,Technical,Kallyanpur,Shyamoli,Shishu Mela,Agargaon,Bijoy Sarani,Jahangir Gate,Mohakhali,Wireless,Abdullahpur,Badda Link Road,Merul Badda,Rampura Bridge,Banasree,,,,,,,,,,,,,,,,,,
Mohona Bus Route,Mirpur 14,Mirpur 10,Mirpur 2,Sony Cinema Hall,Mirpur 1,Mazar Road,Konabari,Rupnagar,Beribadh,Birulia,Ashulia Bazar,Zirabo,Fantasy Kingdom,,,,,,,,,,,,,,,,,,,,,,,,
Moitri Bus Route,Mohammadpur,Shankar,Star Kabab,Dhanmondi 15,Jigatola,City College,Science Lab,Bata Signal,Shahbag,Matsya Bhaban,High Court,Press Club,Paltan,GPO,Gulistan,Motijheel,Arambagh,,,,,,,,,,,,,,,,,,,,
Moumita Bus Route,Chasara,Shibu Market,Jalkuri,Sign Board,Matuail,Rayerbag,Shanir Akhra,Jatrabari,Sayedabad,Gulistan,Chankhar Pul,Bakshi Bazar,Azimpur,Nilkhet,New Market,City College,Kalabagan,Dhanmondi 32,Dhanmondi 27,Asad Gate,College Gate,Shishu Mela,Shyamoli,Kallyanpur,Darussalam,Technical,Gabtoli,Amin Bazar,Hemayetpur,Savar,Baipail,Zirani Bazar,Nandan Park,Chandra,,,
MTCL-2 Bus Route,Mohammadpur,Asad Gate,Dhanmondi 27,Dhanmondi 32,Shukrabad,Kalabagan,City College,Science Lab,Bata Signal,Shahbag,Matsya Bhaban,High Court,Press Club,Paltan,GPO,Gulistan,Motijheel,Arambagh,Fantasy Kingdom,,,,,,,,,,,,,,,,,,
Nur E Makka Bus Route,Chiriyakhana,Sony Cinema Hall,Mirpur 2,Mirpur 10,Mirpur 11,Purobi,Kalshi,ECB Square,MES,Shewra,Kuril Bishwaroad,Jamuna Future Park,Bashundhara,Nadda,Notun Bazar,Bashtola,Shahjadpur,Uttar Badda,Badda,Madhya Badda,Merul Badda,Rampura Bridge,Rampura Bazar,Hazipara,Malibagh Railgate,,,,,,,,,,,,
Nabakali Bus Route,Chiriyakhana,Mirpur 1,Ansar Camp,Technical,Kallyanpur,Shyamoli,Shishu Mela,College Gate,Asad Gate,Dhanmondi 27,Shukrabad,Dhanmondi 32,Kalabagan,Science Lab,Katabon,Shahbag,High Court,Fulbaria,Naya Bazar,Babubazar,Keraniganj,,,,,,,,,,,,,,,,
New Vision Bus Route,Chiriyakhana,Mirpur 1,Ansar Camp,Technical,Kallyanpur,Shyamoli,Shishu Mela,College Gate,Asad Gate,Khamar Bari,Farmgate,Kawran Bazar,Bangla Motor,Shahbag,High Court,Press Club,Paltan,Dainik Bangla Moor,Motijheel,,,,,,,,,,,,,,,,,,
Nilachol Bus Route,Chittagong Road,Sign Board,Matuail,Rayerbag,Shanir Akhra,Jatrabari,Sayedabad,Gulistan,Chankhar Pul,Bakshi Bazar,Azimpur,Nilkhet,New Market,City College,Kalabagan,Dhanmondi 32,Dhanmondi 27,Asad Gate,College Gate,Shishu Mela,Shyamoli,Kallyanpur,Darussalam,Technical,Gabtoli,Amin Bazar,Hemayetpur,Savar,Nobinagar,Manikganj,Paturia,,,,,,
Nishorgo Bus Route,Mirpur 14,Mirpur 10,Kazipara,Shewrapara,Taltola,Agargaon,Asad Gate,Shyamoli,Mohammadpur,Shankar,Dhanmondi 15,Jigatola,Science Lab,New Market,Nilkhet,Eden College,Azimpur,,,,,,,,,,,,,,,,,,,,
Omama International Bus Route,Motijheel,Dainik Bangla Moor,Paltan,Press Club,Matsya Bhaban,High Court,Shahbag,Bangla Motor,Kawran Bazar,Farmgate,Jahangir Gate,Mohakhali,Chairman Bari,Sainik Club,Banani,Kakoli,Staff Road,MES,Shewra,Kuril Bishwaroad,Khilkhet,Airport,,,,,,,,,,,,,,,
One Transport Bus Route,Nandan Park,Zirani Bazar,Baipail,Nobinagar,Savar,Hemayetpur,Amin Bazar,Gabtoli,Technical,Kallyanpur,Shyamoli,Shishu Mela,College Gate,Asad Gate,Khamar Bari,Farmgate,Kawran Bazar,Bangla Motor,Shahbag,High Court,Press Club,Paltan,GPO,Gulistan,Motijheel,,,,,,,,,,,,
Pallabi Local Service Bus Route,Asad Gate,College Gate,Shishu Mela,Shyamoli,Kallyanpur,Technical,Mirpur 1,Sony Cinema Hall,Mirpur 2,Chalantika Moor,Mirpur 6,Mirpur 11,Mirpur 12,,,,,,,,,,,,,,,,,,,,,,,,
Pallabi Super Bus Route,Gabtoli,Technical,Ansar Camp,Mirpur 1,Sony Cinema Hall,Mirpur 2,Mirpur 10,Mirpur 11,Purobi,Kalshi,ECB Square,MES,Shewra,Kuril Bishwaroad,Khilkhet,Airport,Uttara ,Rajlakshmi,Azampur,House Building,Abdullahpur,Kamarpara,,,,,,,,,,,,,,,
Paristhan Bus Route,Bosila,Mohammadpur,Asad Gate,College Gate,Shyamoli,Kallyanpur,Darussalam,Technical,Bangla College,Tolarbag,Ansar Camp,Mirpur 1,Mirpur 2,Mirpur 10,Mirpur 11,Purobi,Kalshi,ECB Square,MES,Shewra,Kuril Bishwaroad,Khilkhet,Airport,Uttara ,Rajlakshmi,House Building,Abdullahpur,,,,,,,,,,
Power Paribahan Bus Route,Mirpur 14,Mirpur 10,Mirpur 2,Sony Cinema Hall,Mirpur 1,Mazar Road,Konabari,Rupnagar,Beribadh,Birulia,Ashulia Bazar,Zirabo,Narshingpur,Surabari,Jarun,Konabari,,,,,,,,,,,,,,,,,,,,,
Prattay Bus Route,Gabtoli,Beribadh Tin Rastar Moor,Rayer Bazar,Sikder Medical College,Hazaribag,Kamrangirchar,Showari Ghat,Babubazar,,,,,,,,,,,,,,,,,,,,,,,,,,,,,
Prochesta Bus Route,Maowa,Keraniganj,Babubazar,Naya Bazar,Golap Shah Mazar,GPO,Paltan,Kakrail,Shantinagar,Malibaag Moor,Mouchak,Malibagh Railgate,Hazipara,Rampura Bazar,Rampura Bridge,Merul Badda,Badda,Uttar Badda,Shahjadpur,Bashtola,Notun Bazar,Nadda,Bashundhara,Jamuna Future Park,Kuril Bishwaroad,Khilkhet,Airport,Uttara ,Rajlakshmi,Azampur,House Building,Abdullahpur,,,,,
Projapati Bus Route,Bosila,Mohammadpur,Asad Gate,College Gate,Shyamoli,Kallyanpur,Darussalam,Technical,Bangla College,Ansar Camp,Mirpur 1,Mirpur 2,Mirpur 10,Mirpur 11,Purobi,Kalshi,ECB Square,MES,Shewra,Kuril Bishwaroad,Khilkhet,Airport,Uttara ,Rajlakshmi,House Building,Abdullahpur,Kamarpara,,,,,,,,,,
Provati Banasree Bus Route,Fulbaria,Golap Shah Mazar,GPO,Paltan,Kakrail,Shantinagar,Malibaag Moor,Mogbazar,Satrasta,Nabisco,Mohakhali,Chairman Bari,Banani,Kakoli,Staff Road,MES,Shewra,Kuril Bishwaroad,Khilkhet,Airport,Uttara ,Rajlakshmi,Azampur,House Building,Abdullahpur,Tongi,Station Road,Mill Gate,Board Bazar,Gazipur Chowrasta,Joydebpur,Sreepur,Bormi,,,,
Purbachol Logistics and Transport Bus Route,Mirpur 14,Mirpur 10,Mirpur 2,Sony Cinema Hall,Mirpur 1,Ansar Camp,Technical,Gabtoli,Amin Bazar,Hemayetpur,Savar,Baipail,Zirani Bazar,Nandan Park,Chandra,,,,,,,,,,,,,,,,,,,,,,
Raida Bus Route Dhaka,Postogola,Dholairpar,Jatrabari,Janapoth Moor,Sayedabad,Mugda,Bashabo,Khilgaon,Malibagh Railgate,Rampura Bazar,Rampura Bridge,Merul Badda,Badda,Uttar Badda,Bashtola,Notun Bazar,Nadda,Bashundhara,Jamuna Future Park,Kuril Chourasta,Kuril Bishwaroad,Khilkhet,Airport,Uttara ,Rajlakshmi,Azampur,House Building,Diabari,,,,,,,,,
Raja City Bus Route Dhaka,Postogola,Jurain,Dayagonj,Gulistan,GPO,Paltan,Press Club,High Court,Shahbag,Bata Signal,Science Lab,City College,Jigatola,Dhanmondi 15,Star Kabab,Shankar,Mohammadpur,Bosila,Ghatar Char,,,,,,,,,,,,,,,,,,
Rajanigandha Bus Route Dhaka,Chittagong Road,Sign Board,Matuail,Rayerbag,Shanir Akhra,Jatrabari,Sayedabad,Gulistan,GPO,Paltan,Press Club,High Court,Shahbag,Bata Signal,Science Lab,Jigatola,Dhanmondi,Star Kabab,Shankar,Mohammadpur,,,,,,,,,,,,,,,,,
Rajdhani Super Bus Route Dhaka,Hemayetpur,Gabtoli,Technical,Ansar Camp,Mirpur 1,Sony Cinema Hall,Mirpur 2,Mirpur 10,Mirpur 11,Purobi,Kalshi,ECB Square,MES,Shewra,Kuril Bishwaroad,Jamuna Future Park,Bashundhara,Nadda,Notun Bazar,Bashtola,Shahjadpur,Uttar Badda,Badda,Madhya Badda,Merul Badda,Rampura Bridge,Banasree,Demra Staff Quarter,,,,,,,,,
Rajdhani Super Bus Route Dhaka,Hemayetpur,Gabtoli,Technical,Ansar Camp,Mirpur 1,Sony Cinema Hall,Mirpur 2,Mirpur 10,Mirpur 11,Purobi,Kalshi,ECB Square,MES,Shewra,Kuril Bishwaroad,Jamuna Future Park,Bashundhara,Nadda,Notun Bazar,Bashtola,Shahjadpur,Uttar Badda,Badda,Madhya Badda,Merul Badda,Rampura Bridge,Banasree,Demra Staff Quarter,,,,,,,,,
Robrob Bus Route Dhaka,Gabtoli,Technical,Ansar Camp,Mirpur 1,Mirpur 2,Mirpur 10,Purobi,Kalshi,ECB Square,MES,Banani,Kakoli,Abdullahpur,Abdullahpur,Badda Link Road,Merul Badda,Rampura Bridge,Banasree,,,,,,,,,,,,,,,,,,,
Rois Bus Route Dhaka,Sony Cinema Hall,Mirpur 2,Mirpur 10,Kazipara,Shewrapara,Agargaon,Mohakhali,Abdullahpur,Badda,Rampura Bridge,Banasree,,,,,,,,,,,,,,,,,,,,,,,,,,
Rongdhonu Express Bus Route Dhaka,Adabor,Mohammadpur,Mohammadpur Shia Mosque,Shyamoli,College Gate,Asad Gate,Kalabagan,Science Lab,Katabon,Bata Signal,Shahbag,Kakrail,Fakirapul,Motijheel,Dayagonj,Postogola,,,,,,,,,,,,,,,,,,,,,
Runway Express Bus Route Dhaka,Keraniganj,Kadamtali,Babubazar,Naya Bazar,Golap Shah Mazar,GPO,Paltan,Press Club,High Court,Matsya Bhaban,Shahbag,Bangla Motor,Kawran Bazar,Farmgate,Agargaon,Shewrapara,Kazipara,Mirpur 10,Mirpur 11,Mirpur 12,ECB Square,,,,,,,,,,,,,,,,
Rupa Paribahan Bus Route Dhaka,Gabtoli,Technical,Ansar Camp,Mirpur 1,Sony Cinema Hall,Mirpur 2,Mirpur 10,Mirpur 14,,,,,,,,,,,,,,,,,,,,,,,,,,,,,
Rupkotha Bus Route Dhaka,Gabtoli,Mirpur 1,Sony Cinema Hall,Mirpur 2,Mirpur 10,Mirpur 11,Purobi,Kalshi,ECB Square,MES,Shewra,Kuril Bishwaroad,Khilkhet,Airport,Uttara ,Rajlakshmi,Azampur,House Building,Abdullahpur,,,,,,,,,,,,,,,,,,
Safety Druti Bus Route,Mirpur 12,Pallabi,Purobi,Mirpur 11,Mirpur 10,Kazipara,Shewrapara,Taltola,Agargaon,Khamar Bari,Dhanmondi 27,Dhanmondi 32,Kalabagan,City College,New Market,Nilkhet,Azimpur,,,,,,,,,,,,,,,,,,,,
Sakalpa Transport Bus Route,Chiriyakhana,Mirpur 1,Sony Cinema Hall,Mirpur 2,Mirpur 10,Kazipara,Shewrapara,Agargaon,Bijoy Sarani,Farmgate,Bangla Motor,Mogbazar,Malibaag Moor,Kamalapur,,,,,,,,,,,,,,,,,,,,,,,
Salsabil Bus Route,Postogola,Dholairpar,Jatrabari,Sayedabad,Mugda,Bashabo,Khilgaon,Malibagh Railgate,Rampura Bazar,Rampura Bridge,Merul Badda,Badda,Uttar Badda,Bashtola,Notun Bazar,Nadda,Bashundhara,Jamuna Future Park,Kuril Chourasta,Kuril Bishwaroad,Khilkhet,Airport,Uttara ,Rajlakshmi,Azampur,House Building,Abdullahpur,Tongi,Station Road,Mill Gate,Board Bazar,Gazipur Bypass,Gazipur Chowrasta,,,,
Savar Paribahan Bus Route,Sadarghat Victoria Park ,Golap Shah Mazar,GPO,Paltan,Press Club,High Court,Matsya Bhaban,Shahbag,Science Lab,Kalabagan,Dhanmondi 32,Dhanmondi 27,Asad Gate,College Gate,Shishu Mela,Shyamoli,Kallyanpur,Darussalam,Technical,Gabtoli,Amin Bazar,Hemayetpur,Savar,Baipail,Zirani Bazar,Nandan Park,,,,,,,,,,,
Shadhin Bus Route,Sadarghat Victoria Park ,Golap Shah Mazar,GPO,Paltan,Press Club,High Court,Matsya Bhaban,Shahbag,Science Lab,Kalabagan,Dhanmondi 32,Dhanmondi 27,Asad Gate,College Gate,Shishu Mela,Shyamoli,Kallyanpur,Darussalam,Technical,Gabtoli,Amin Bazar,Hemayetpur,Savar,Baipail,Zirani Bazar,Nandan Park,,,,,,,,,,,
Shadhin Express Bus Route,Mirpur 12,Pallabi,Purobi,Mirpur 11,Mirpur 10,Kazipara,Shewrapara,Taltola,Agargaon,Khamar Bari,Farmgate,Kawran Bazar,Bangla Motor,Shahbag,High Court,Press Club,Paltan,GPO,Golap Shah Mazar,Naya Bazar,Babubazar,Keraniganj,Kadamtali,Rajendrapur,Maowa,,,,,,,,,,,,
Shahria Enterprise Bus Route,Gabtoli,Technical,Kallyanpur,Shyamoli,Shishu Mela,College Gate,Asad Gate,Dhanmondi 27,Dhanmondi 32,Shukrabad,Kalabagan,City College,Science Lab,Katabon,Shahbag,Matsya Bhaban,Kakrail,Arambagh,Motijheel,Ittefaq Moor,Tikatuli,Dayagonj,Gandaria,Jurain,Postogola,,,,,,,,,,,,
Shatabdi Bus Route,Motijheel,Paltan,Kakrail,Malibaag Moor,Mouchak,Mogbazar,Satrasta,Nabisco,Mohakhali,Chairman Bari,Banani,Kakoli,Shewra,Kuril Bishwaroad,Khilkhet,Airport,Uttara ,Rajlakshmi,Azampur,House Building,Abdullahpur,Kamarpara,,,,,,,,,,,,,,,
Shikhor Paribahan Bus Route,Mirpur 12,Pallabi,Purobi,Mirpur 11,Mirpur 10,Kazipara,Shewrapara,Taltola,Agargaon,Bijoy Sarani,Farmgate,Kawran Bazar,Bangla Motor,Shahbag,Matsya Bhaban,High Court,Press Club,Paltan,GPO,Gulistan,Janapoth Moor,Jatrabari,,,,,,,,,,,,,,,
Shikhor Paribahan Bus Route,Jatrabari,Sayedabad,Gulistan,GPO,Paltan,Press Club,High Court,Matsya Bhaban,Shahbag,Bangla Motor,Kawran Bazar,Farmgate,Bijoy Sarani,Agargaon,IDB,Taltola,Shewrapara,Kazipara,Mirpur 10,Mirpur 11,Pallabi,Purobi,Mirpur 12,,,,,,,,,,,,,,
Suveccha Bus Route,Chittagong Road,Sign Board,Matuail,Rayerbag,Shanir Akhra,Jatrabari,Sayedabad,Gulistan,Chankhar Pul,Bakshi Bazar,Dhakeshwari,Azimpur,Nilkhet,New Market,City College,Kalabagan,Dhanmondi 32,Dhanmondi 27,Asad Gate,College Gate,Shishu Mela,Shyamoli,Kallyanpur,Darussalam,Technical,Gabtoli,Amin Bazar,Hemayetpur,Savar,Nobinagar,Baipail,Zirani Bazar,Nandan Park,Chandra,,,
Suvojatri Bus,Fulbaria,Golap Shah Mazar,GPO,Paltan,Press Club,High Court,Matsya Bhaban,Shahbag,Bata Signal,Science Lab,Kalabagan,Dhanmondi 32,Dhanmondi 27,Asad Gate,College Gate,Shishu Mela,Shyamoli,Kallyanpur,Darussalam,Technical,Gabtoli,Amin Bazar,Hemayetpur,Manikganj,,,,,,,,,,,,,
Siam Transport Bus Route,Banasree,Rampura Bridge,Merul Badda,Badda,Shahjadpur,Bashtola,Notun Bazar,Nadda,Bashundhara,Jamuna Future Park,Kuril Bishwaroad,Khilkhet,Airport,Uttara ,Rajlakshmi,Azampur,House Building,Abdullahpur,Kamarpara,Dhour,Beribadh,Ashulia Bazar,Zirabo,Fantasy Kingdom,Jamgora,Shimultola,Baipail,Palli Bidyut,Savar Cantonment,Nobinagar,,,,,,,
Skyline Bus Route,Sadarghat Victoria Park ,Ray Saheb Bazar,Naya Bazar,Golap Shah Mazar,GPO,Paltan,Kakrail,Shantinagar,Malibaag Moor,Mouchak,Nabisco,Mohakhali,Chairman Bari,Sainik Club,Banani,Kakoli,Staff Road,MES,Shewra,Kuril Bishwaroad,Khilkhet,Airport,Uttara ,Rajlakshmi,Azampur,House Building,Abdullahpur,Tongi,Station Road,Mill Gate,Board Bazar,Gazipur Chowrasta,,,,,
Somota Paribahan Bus Route,Chittagong Road,Sign Board,Matuail,Rayerbag,Shanir Akhra,Jatrabari,Sayedabad,Gulistan,Chankhar Pul,Bakshi Bazar,Dhakeshwari,Azimpur,Nilkhet,New Market,City College,Kalabagan,Dhanmondi 32,Dhanmondi 27,Asad Gate,College Gate,Shishu Mela,Shyamoli,Kallyanpur,Darussalam,Technical,Ansar Camp,Mirpur 1,Abdullahpur,,,,,,,,,
Somoy Bus Route,Sign Board,Matuail,Rayerbag,Shanir Akhra,Jatrabari,Sayedabad,Janapoth Moor,Gulistan,GPO,Paltan,Press Club,High Court,Matsya Bhaban,Shahbag,Bangla Motor,Kawran Bazar,Farmgate,Bijoy Sarani,Agargaon,IDB,Taltola,Shewrapara,Kazipara,Mirpur 10,Mirpur 11,Pallabi,Purobi,Mirpur 12,,,,,,,,,
Somoy Niyantran Bus Route,Mirpur 12,Pallabi,Purobi,Mirpur 11,Mirpur 10,Kazipara,Shewrapara,Taltola,Agargaon,Bijoy Sarani,Farmgate,Kawran Bazar,Bangla Motor,Shahbag,Matsya Bhaban,High Court,Press Club,Paltan,GPO,Golap Shah Mazar,Naya Bazar,Babubazar,Keraniganj,,,,,,,,,,,,,,
Super Bus Route,Gulistan,Shahbag,Farmgate,Shyamoli,Gabtoli,Savar,Nobinagar,,,,,,,,,,,,,,,,,,,,,,,,,,,,,,
Supravat Bus Route,Sadarghat Victoria Park,Sadarghat Victoria Park ,Ray Saheb Bazar,Golap Shah Mazar,GPO,Paltan,Kakrail,Shantinagar,Malibaag Moor,Mouchak,Malibagh Railgate,Hazipara,Rampura Bazar,Rampura Bridge,Merul Badda,Badda,Shahjadpur,Bashtola,Notun Bazar,Nadda,Bashundhara,Jamuna Future Park,Kuril Bishwaroad,Khilkhet,Airport,Uttara ,Rajlakshmi,Azampur,House Building,Abdullahpur,Tongi,,,,,,
Swajan Paribahan Bus Route,Savar,Hemayetpur,Amin Bazar,Gabtoli,Technical,Kallyanpur,Shyamoli,Shishu Mela,College Gate,Asad Gate,Khamar Bari,Farmgate,Kawran Bazar,Bangla Motor,Shahbag,High Court,Press Club,Paltan,GPO,Golap Shah Mazar,Naya Bazar,Ray Saheb Bazar,Sadarghat Victoria Park ,,,,,,,,,,,,,,
Talukdar Bus Route,Chiriyakhana,Mirpur 1,Ansar Camp,Technical,Kallyanpur,Shyamoli,Shishu Mela,College Gate,Asad Gate,Khamar Bari,Farmgate,Kawran Bazar,Bangla Motor,Mogbazar,Mouchak,Malibaag Moor,Mugda,Rajarbag,Khilgaon flyover,Bashabo,Mugda,Maniknagar,Golapbagh,Sayedabad,Janapoth Moor,Jatrabari,Kajla,Shanir Akhra,Rayerbag,Matuail,Sign Board,Sanarpar,Chittagong Road,,,,
Tanjil Paribahan Bus Route,Chiriyakhana,Mirpur 1,Ansar Camp,Technical,Kallyanpur,Shyamoli,Shishu Mela,College Gate,Asad Gate,Khamar Bari,Farmgate,Kawran Bazar,Bangla Motor,Shahbag,High Court,Press Club,Paltan,GPO,Golap Shah Mazar,Naya Bazar,Ray Saheb Bazar,Sadarghat Victoria Park ,,,,,,,,,,,,,,,
Taranga Plus Bus Route,Mohammadpur,Shankar,Star Kabab,Dhanmondi 15,Jigatola,City College,Science Lab,Bata Signal,Shahbag,Matsya Bhaban,Kakrail,Shantinagar,Malibaag Moor,Mouchak,Malibagh Railgate,Hazipara,Rampura Bazar,Rampura Bridge,Banasree,South Banasree,,,,,,,,,,,,,,,,,
Tetulia Bus Route,Mohammadpur Shia Mosque,Japan Garden City,Ring Road,Adabor,Shyamoli,Shishu Mela,Agargaon,Taltola,Shewrapara,Kazipara,Mirpur 10,Mirpur 11,Purobi,Pallabi,Kalshi,ECB Square,MES,Shewra,Kuril Bishwaroad,Airport,Uttara ,Rajlakshmi,House Building,Abdullahpur,,,,,,,,,,,,,
Thikana Bus Route,Sign Board,Matuail,Rayerbag,Shanir Akhra,Jatrabari,Sayedabad,Gulistan,Chankhar Pul,Bakshi Bazar,Dhakeshwari,Azimpur,Nilkhet,New Market,City College,Kalabagan,Dhanmondi 32,Dhanmondi 27,Asad Gate,College Gate,Shishu Mela,Shyamoli,Kallyanpur,Darussalam,Technical,Gabtoli,Amin Bazar,Hemayetpur,Savar,Baipail,Zirani Bazar,Nandan Park,Chandra,,,,,
Thikana Express Bus Route,Shonbari Sreenagar,Nimtola,Kuchimura,Rajendrapur,Hasnabad,Postogola,Jurain,Dholairpar,Jatrabari,Sayedabad,Gulistan,Chankhar Pul,Bakshi Bazar,Azimpur,Nilkhet,New Market,City College,Kalabagan,Dhanmondi 32,Dhanmondi 27,Asad Gate,College Gate,Shishu Mela,Shyamoli,Kallyanpur,Darussalam,Technical,Gabtoli,Amin Bazar,Hemayetpur,Savar,Baipail,Zirani Bazar,Nandan Park,Chandra,,
Titas Bus Route,Chiriyakhana,Mirpur 1,Gabtoli,Savar,Nobinagar,Chandra,,,,,,,,,,,,,,,,,,,,,,,,,,,,,,,
Transilva Bus Route,Mirpur 1,Ansar Camp,Technical,Kallyanpur,Shyamoli,Shishu Mela,College Gate,Asad Gate,Dhanmondi 27,Dhanmondi 32,Kalabagan,Science Lab,Bata Signal,Shahbag,Matsya Bhaban,High Court,Press Club,Paltan,GPO,Gulistan,Motijheel,Sayedabad,Janapoth Moor,Jatrabari,,,,,,,,,,,,,
Trust Transport Services Bus Route,Mirpur 10,Mirpur 13,Mirpur 14,Kochukhet,Sainik Club,Banani,,,,,,,,,,,,,,,,,,,,,,,,,,,,,,,
Trust Transport Services Bus Route,Mirpur 10,Mirpur 13,Mirpur 14,Kochukhet,Workshop,Saudi Colony,Jahangir Gate,Farmgate,Kawran Bazar,Bangla Motor,Shahbag,,,,,,,,,,,,,,,,,,,,,,,,,,
Trust Transport Services Bus Route,Mirpur DOHS,Kalshi,ECB Square,Garrison Cantonment,Adamjee School,Workshop,Saudi Colony,Jahangir Gate,Farmgate,Kawran Bazar,Bangla Motor,Shahbag,High Court,Press Club,Paltan,Dainik Bangla Moor,Motijheel,,,,,,,,,,,,,,,,,,,,
Trust Transport Services AC Bus Route,Mirpur DOHS,Kalshi,ECB Square,Garrison Cantonment,Adamjee School,Workshop,Saudi Colony,Jahangir Gate,Farmgate,Kawran Bazar,,,,,,,,,,,,,,,,,,,,,,,,,,,
Turag Bus Route,Jatrabari,Sayedabad,Mugda,Bashabo,Khilgaon,Malibaag Moor,Rampura Bazar,Rampura Bridge,Merul Badda,Badda,Uttar Badda,Bashtola,Notun Bazar,Nadda,Bashundhara,Jamuna Future Park,Kuril Bishwaroad,Khilkhet,Airport,Uttara ,Rajlakshmi,Azampur,House Building,Abdullahpur,Tongi,,,,,,,,,,,,
Victor Classic Bus Route,Sadarghat Victoria Park ,Ray Saheb Bazar,Naya Bazar,Golap Shah Mazar,GPO,Paltan,Kakrail,Shantinagar,Malibaag Moor,Mouchak,Malibagh Railgate,Hazipara,Rampura Bazar,Rampura Bridge,Merul Badda,Badda,Shahjadpur,Bashtola,Notun Bazar,Nadda,Bashundhara,Jamuna Future Park,Kuril Bishwaroad,,,,,,,,,,,,,,
Victor Paribahan Bus Route,Sadarghat Victoria Park ,Ray Saheb Bazar,Naya Bazar,Golap Shah Mazar,GPO,Paltan,Kakrail,Shantinagar,Malibaag Moor,Mouchak,Malibagh Railgate,Hazipara,Rampura Bazar,Rampura Bridge,Merul Badda,Badda,Shahjadpur,Bashtola,Notun Bazar,Nadda,Bashundhara,Jamuna Future Park,Kuril Bishwaroad,,,,,,,,,,,,,,
VIP 27 Bus Route,Azimpur,Nilkhet,New Market,City College,Kalabagan,Banani,Kakoli,MES,Shewra,Kuril Bishwaroad,Khilkhet,Airport,Uttara ,Rajlakshmi,Azampur,House Building,Abdullahpur,Tongi,Station Road,Mill Gate,Board Bazar,Gazipur Chowrasta,,,,,,,,,,,,,,,
Welcome Bus Route,Nandan Park,Zirani Bazar,Baipail,Nobinagar,Savar,Hemayetpur,Amin Bazar,Gabtoli,Technical,Kallyanpur,Shyamoli,Shishu Mela,College Gate,Asad Gate,Khamar Bari,Farmgate,Kawran Bazar,Bangla Motor,Shahbag,High Court,Press Club,Paltan,GPO,Gulistan,Motijheel,,,,,,,,,,,,
Winner Bus Route,Azimpur,Eden College,Nilkhet,New Market,Science Lab,City College,Kalabagan,Panthopoth,Kawran Bazar,Bot tola,Nabisco,Mohakhali,Wireless,Gulshan 1,Badda,Badda Link Road,Uttar Badda,Shahjadpur,Bashtola,Notun Bazar,Nadda,Bashundhara,Jamuna Future Park,Kuril Bishwaroad,,,,,,,,,,,,,
13 No. Bus Route Dhaka,Mohammadpur,Shankar,Star Kabab,Dhanmondi 15,Jigatola,City College,Science Lab,New Market,Nilkhet,Azimpur,,,,,,,,,,,,,,,,,,,,,,,,,,,
4 No. Alike Bus Route Dhaka,Balughat,Signal,CMH,Garrison Cantonment,Adamjee School,Workshop,Jahangir Gate,Bijoy Sarani,Farmgate,Bangla Motor,Shahbag,Paltan,Gulistan,Motijheel,,,,,,,,,,,,,,,,,,,,,,,
6 No. Bus Route Dhaka,Kamalapur,Motijheel,Gulistan,GPO,Paltan,Kakrail,Shantinagar,Malibaag Moor,Mouchak,Mogbazar,Kawran Bazar,Farmgate,Jahangir Gate,Bijoy Sarani,Mohakhali,Gulshan 1,Gulshan 2,Notun Bazar,,,,,,,,,,,,,,,,,,,
6 No. Motijheel Banani Transport Bus Route Dhaka,Kamalapur,Motijheel,Gulistan,GPO,Paltan,Kakrail,Shantinagar,Malibaag Moor,Mouchak,Mogbazar,Kawran Bazar,Farmgate,Jahangir Gate,Bijoy Sarani,Mohakhali,Gulshan 1,Gulshan 2,Notun Bazar,,,,,,,,,,,,,,,,,,,
7 No. Bus Route Dhaka,Gabtoli,Technical,Kallyanpur,Shyamoli,Shishu Mela,College Gate,Asad Gate,Dhanmondi 27,Dhanmondi 32,Kalabagan,Science Lab,Katabon,Shahbag,High Court,Press Club,Paltan,GPO,Golap Shah Mazar,Gulistan,Naya Bazar,Ray Saheb Bazar,Sadarghat Victoria Park ,,,,,,,,,,,,,,,
8 No. Bus Route Dhaka,Jatrabari,Janapoth Moor,Sayedabad,Motijheel,Dainik Bangla Moor,Paltan,Press Club,Matsya Bhaban,High Court,Shahbag,Bangla Motor,Kawran Bazar,Farmgate,Khamar Bari,Asad Gate,College Gate,Shishu Mela,Shyamoli,Kallyanpur,Technical,Gabtoli,,,,,,,,,,,,,,,,
9 No. Bus Route Dhaka,College Gate,Shishu Mela,Shyamoli,Kallyanpur,Darussalam,Technical,Bangla College,Tolarbag,Ansar Camp,Mirpur 1,Sony Cinema Hall,Mirpur 2,Proshika Moor,Pallabi,Mirpur 12,,,,,,,,,,,,,,,,,,,,,,
Deepan Bus Route,Tajmahal Road,Shankar,Dhanmondi 15,Jigatola,City College,Science Lab,Shahbag,Matsya Bhaban,Paltan,Gulistan,Motijheel,Arambagh,,,,,,,,,,,,,,,,,,,,,,,,,
BRTC Bus Route,Motijheel,Gulistan,GPO,Paltan,Press Club,High Court,Matsya Bhaban,Shahbag,Bangla Motor,Kawran Bazar,Farmgate,Khamar Bari,Asad Gate,College Gate,Shishu Mela,Shyamoli,Kallyanpur,Technical,Gabtoli,Amin Bazar,Hemayetpur,Baipail,Zirani Bazar,Chandra,,,,,,,,,,,,,
